[
  {
    "date": "20170101",
    "week": "Sun",
    "isHoliday": true,
    "description": "New Year's Day"
  },
  {
    "date": "20170102",
    "week": "Mon",
    "isHoliday": true,
    "description": "Compensatory Leave"
  },
  {
    "date": "20170127",
    "week": "Fri",
    "isHoliday": true,
    "description": "Lunar New Year's Eve"
  },
  {
    "date": "20170128",
    "week": "Sat",
    "isHoliday": true,
    "description": "Lunar New Year"
  },
  {
    "date": "20170129",
    "week": "Sun",
    "isHoliday": true,
    "description": "Lunar New Year"
  },
  {
    "date": "20170130",
    "week": "Mon",
    "isHoliday": true,
    "description": "Lunar New Year"
  },
  {
    "date": "20170131",
    "week": "Tue",
    "isHoliday": true,
    "description": "Compensatory Leave"
  },
  {
    "date": "20170201",
    "week": "Wed",
    "isHoliday": true,
    "description": "Compensatory Leave"
  },
  {
    "date": "20170227",
    "week": "Mon",
    "isHoliday": true,
    "description": "Adjusted Holiday"
  },
  {
    "date": "20170228",
    "week": "Tue",
    "isHoliday": true,
    "description": "Peace Memorial Day"
  },
  {
    "date": "20170403",
    "week": "Mon",
    "isHoliday": true,
    "description": "Compensatory Leave"
  },
  {
    "date": "20170404",
    "week": "Tue",
    "isHoliday": true,
    "description": "Children's Day & Tomb Sweeping Day"
  },
  {
    "date": "20170529",
    "week": "Mon",
    "isHoliday": true,
    "description": "Adjusted Holiday"
  },
  {
    "date": "20170530",
    "week": "Tue",
    "isHoliday": true,
    "description": "Dragon Boat Festival"
  },
  {
    "date": "20171004",
    "week": "Wed",
    "isHoliday": true,
    "description": "Mid-Autumn Festival"
  },
  {
    "date": "20171009",
    "week": "Mon",
    "isHoliday": true,
    "description": "Adjusted Holiday"
  },
  {
    "date": "20171010",
    "week": "Tue",
    "isHoliday": true,
    "description": "National Day"
  }
]